{
  "project_info": {
    "project_number": "266218101268",
    "firebase_url": "https://findmyphone-633ad.firebaseio.com",
    "project_id": "findmyphone-633ad",
    "storage_bucket": "findmyphone-633ad.appspot.com"
  },
  "client": [
    {
      "client_info": {
        "mobilesdk_app_id": "1:266218101268:android:408e86897b76a78d246501",
        "android_client_info": {
          "package_name": "com.example.findmyphone"
        }
      },
      "oauth_client": [
        {
          "client_id": "266218101268-pnmgbtk119tp6mgefn72bt4kuj97q5as.apps.googleusercontent.com",
          "client_type": 1,
          "android_info": {
            "package_name": "com.example.findmyphone",
            "certificate_hash": "e68598c323b37c5f1a030773d5b9707aacf199d4"
          }
        },
        {
          "client_id": "266218101268-br8d3fmu2e624e1v326u9ept479ndppd.apps.googleusercontent.com",
          "client_type": 3
        }
      ],
      "api_key": [
        {
          "current_key": "AIzaSyDuuu7KVcv7vE2B7gUVHRDaFxyXrkZHJ7Y"
        }
      ],
      "services": {
        "appinvite_service": {
          "other_platform_oauth_client": [
            {
              "client_id": "266218101268-br8d3fmu2e624e1v326u9ept479ndppd.apps.googleusercontent.com",
              "client_type": 3
            }
          ]
        }
      }
    }
  ],
  "configuration_version": "1"
}